<?xml version="1.0" encoding="UTF-8"?>
<mule xmlns:db="http://www.mulesoft.org/schema/mule/db"
	xmlns="http://www.mulesoft.org/schema/mule/core" xmlns:apikit="http://www.mulesoft.org/schema/mule/apikit" xmlns:doc="http://www.mulesoft.org/schema/mule/documentation" xmlns:http="http://www.mulesoft.org/schema/mule/http" xmlns:spring="http://www.springframework.org/schema/beans" xmlns:xsi="http://www.w3.org/2001/XMLSchema-instance" xsi:schemaLocation="http://www.mulesoft.org/schema/mule/db http://www.mulesoft.org/schema/mule/db/current/mule-db.xsd
http://www.mulesoft.org/schema/mule/core http://www.mulesoft.org/schema/mule/core/current/mule.xsd
http://www.mulesoft.org/schema/mule/http http://www.mulesoft.org/schema/mule/http/current/mule-http.xsd
http://www.mulesoft.org/schema/mule/apikit http://www.mulesoft.org/schema/mule/apikit/current/mule-apikit.xsd
http://www.springframework.org/schema/beans http://www.springframework.org/schema/beans/spring-beans-3.1.xsd">
    <http:listener-config name="flightAvailabilityDetails-httpListenerConfig" host="0.0.0.0" port="8081" doc:name="HTTP Listener Configuration" />
    <apikit:config name="flightAvailabilityDetails-config" raml="flightAvailabilityDetails.raml" consoleEnabled="false" doc:name="Router" />
    <db:mysql-config name="MySQL_Configuration" host="localhost" port="3306" user="root" password="root" database="test" doc:name="MySQL Configuration"/>
    
    <flow name="flightAvailabilityDetails-main">
        <http:listener config-ref="flightAvailabilityDetails-httpListenerConfig" path="/api/*" doc:name="HTTP" />
        <apikit:router config-ref="flightAvailabilityDetails-config" doc:name="APIkit Router" />
        <exception-strategy ref="flightAvailabilityDetails-apiKitGlobalExceptionMapping" doc:name="Reference Exception Strategy" />
    </flow>
    <flow name="flightAvailabilityDetails-console">
        <http:listener config-ref="flightAvailabilityDetails-httpListenerConfig" path="/console/*" doc:name="HTTP" />
        <apikit:console config-ref="flightAvailabilityDetails-config" doc:name="APIkit Console" />
    </flow>
    <flow name="get:/flightAvailabilityDetails:flightAvailabilityDetails-config">
        <db:select config-ref="MySQL_Configuration" doc:name="Database">
            <db:dynamic-query><![CDATA[Select Ticket_Status from airlines where Date = '#[message.inboundProperties.'http.query.params'.Date]' and From_City = "#[message.inboundProperties.'http.query.params'.FromCity]" and To_city = "#[message.inboundProperties.'http.query.params'.ToCity]";]]></db:dynamic-query>

        </db:select>
        <logger message="Flight availability details between a given source and destination&gt;&gt; #[message.payloadAs(java.lang.String)]" level="INFO" doc:name="Logger"/>
    </flow>
    <apikit:mapping-exception-strategy name="flightAvailabilityDetails-apiKitGlobalExceptionMapping">
        <apikit:mapping statusCode="404">
            <apikit:exception value="org.mule.module.apikit.exception.NotFoundException" />
            <set-property propertyName="Content-Type" value="application/json" doc:name="Property" />
            <set-payload value="{ &quot;message&quot;: &quot;Resource not found&quot; }" doc:name="Set Payload" />
        </apikit:mapping>
        <apikit:mapping statusCode="405">
            <apikit:exception value="org.mule.module.apikit.exception.MethodNotAllowedException" />
            <set-property propertyName="Content-Type" value="application/json" doc:name="Property" />
            <set-payload value="{ &quot;message&quot;: &quot;Method not allowed&quot; }" doc:name="Set Payload" />
        </apikit:mapping>
        <apikit:mapping statusCode="415">
            <apikit:exception value="org.mule.module.apikit.exception.UnsupportedMediaTypeException" />
            <set-property propertyName="Content-Type" value="application/json" doc:name="Property" />
            <set-payload value="{ &quot;message&quot;: &quot;Unsupported media type&quot; }" doc:name="Set Payload" />
        </apikit:mapping>
        <apikit:mapping statusCode="406">
            <apikit:exception value="org.mule.module.apikit.exception.NotAcceptableException" />
            <set-property propertyName="Content-Type" value="application/json" doc:name="Property" />
            <set-payload value="{ &quot;message&quot;: &quot;Not acceptable&quot; }" doc:name="Set Payload" />
        </apikit:mapping>
        <apikit:mapping statusCode="400">
            <apikit:exception value="org.mule.module.apikit.exception.BadRequestException" />
            <set-property propertyName="Content-Type" value="application/json" doc:name="Property" />
            <set-payload value="{ &quot;message&quot;: &quot;Bad request&quot; }" doc:name="Set Payload" />
        </apikit:mapping>
    </apikit:mapping-exception-strategy>
</mule>
